# declaring class	member	canonical name
net.minecraft.src.Block	bed	blockBed
net.minecraft.src.Block	bloodStone	netherrack
net.minecraft.src.Block	isACube	renderAsNormalBlock
net.minecraft.src.Block	requiresSelfNotify	field_28032_t
net.minecraft.src.Block	shouldSideBeRendered	getIsBlockSolid
net.minecraft.src.BlockFlowing	field_659_a	numAdjacentSources
net.minecraft.src.BlockFlowing	func_307_e	getSmallestFlowDecay
net.minecraft.src.BlockFlowing	func_4035_j	getOptimalFlowDirections
net.minecraft.src.BlockPistonBase	ignoreUpdates	field_31048_b
net.minecraft.src.BlockPistonBase	isExtended	isPowered
net.minecraft.src.BlockPistonBase	tryExtend	func_31047_i
net.minecraft.src.BlockPistonBase	updatePistonState	func_31043_h
net.minecraft.src.BlockPistonMoving	getTileEntity	func_31036_a
net.minecraft.src.BlockPistonMoving	getTileEntityAtLocation	func_31034_c
net.minecraft.src.BlockRail	func_27033_a	isPoweredBlockRail
net.minecraft.src.BlockRedstoneRepeater	field_22013_b	field_22023_b
net.minecraft.src.ChunkProvider	chunkGenerator	chunkProvider
net.minecraft.src.ChunkProvider	field_28061_b	field_28064_b
net.minecraft.src.ChunkProvider	field_28062_a	droppedChunksSet
net.minecraft.src.ChunkProvider	worldObj	field_28066_g
net.minecraft.src.ChunkProviderHell	field_4231_r	field_4160_r
net.minecraft.src.ChunkProviderHell	field_4232_q	field_4161_q
net.minecraft.src.ChunkProviderHell	field_4233_p	field_4162_p
net.minecraft.src.ChunkProviderHell	field_4234_o	field_4163_o
net.minecraft.src.ChunkProviderHell	func_4060_a	func_4057_a
net.minecraft.src.ChunkProviderSky	field_28072_w	field_28074_w
net.minecraft.src.Container	canInteractWith	isUsableByPlayer
net.minecraft.src.Container	inventoryItemStacks	field_20123_d
net.minecraft.src.Container	inventorySlots	slots
net.minecraft.src.Container	updateCraftingMatrix	updateCraftingResults
net.minecraft.src.ContainerPlayer	isMP	isSinglePlayer
net.minecraft.src.EntityBoat	damageTaken	boatCurrentDamage
net.minecraft.src.EntityBoat	field_9171_al	field_9389_i
net.minecraft.src.EntityBoat	field_9172_f	field_9392_f
net.minecraft.src.EntityBoat	field_9173_ak	field_9390_h
net.minecraft.src.EntityBoat	field_9174_e	field_9393_e
net.minecraft.src.EntityBoat	field_9175_aj	field_9391_g
net.minecraft.src.EntityBoat	field_9176_d	field_9394_d
net.minecraft.src.EntityBoat	field_9177_b	boatTimeSinceHit
net.minecraft.src.EntityBoat	forwardDirection	boatRockDirection
net.minecraft.src.EntityCreature	getEntityToAttack	getTarget
net.minecraft.src.EntityCreature	getGotPath	hasPath
net.minecraft.src.EntityCreature	setEntityToAttack	setTarget
net.minecraft.src.EntityEgg	field_20079_al	field_20049_i
net.minecraft.src.EntityEgg	inGround	field_20052_f
net.minecraft.src.EntityEgg	inTile	field_20053_e
net.minecraft.src.EntityEgg	shake	field_20057_a
net.minecraft.src.EntityEgg	xTile	field_20056_b
net.minecraft.src.EntityEgg	yTile	field_20055_c
net.minecraft.src.EntityEgg	zTile	field_20054_d
net.minecraft.src.EntityFireball	field_9190_an	field_9396_k
net.minecraft.src.EntityFireball	inGround	field_9398_i
net.minecraft.src.EntityFireball	inTile	field_9399_h
net.minecraft.src.EntityFireball	owner	field_9397_j
net.minecraft.src.EntityFireball	shake	field_9406_a
net.minecraft.src.EntityFireball	ticksInAir	field_9395_l
net.minecraft.src.EntityFireball	xTile	field_9402_e
net.minecraft.src.EntityFireball	yTile	field_9401_f
net.minecraft.src.EntityFireball	zTile	field_9400_g
net.minecraft.src.EntityLiving	age	entityAge
net.minecraft.src.EntityLiving	entityType	field_9351_C
net.minecraft.src.EntityLiving	field_9117_aI	field_9353_B
net.minecraft.src.EntityLiving	field_9133_bm	field_9346_af
net.minecraft.src.EntityMinecart	damageTaken	minecartCurrentDamage
net.minecraft.src.EntityMinecart	field_468_ak	field_855_j
net.minecraft.src.EntityMinecart	field_469_aj	field_856_i
net.minecraft.src.EntityMinecart	field_9158_as	field_9410_p
net.minecraft.src.EntityMinecart	field_9159_ar	field_9411_o
net.minecraft.src.EntityMinecart	field_9160_aq	field_9412_n
net.minecraft.src.EntityMinecart	field_9161_ap	field_9413_m
net.minecraft.src.EntityMinecart	field_9162_ao	field_9414_l
net.minecraft.src.EntityMinecart	field_9163_an	field_9415_k
net.minecraft.src.EntityMinecart	field_9167_b	minecartTimeSinceHit
net.minecraft.src.EntityMinecart	forwardDirection	minecartRockDirection
net.minecraft.src.EntityMinecart	func_182_g	func_514_g
net.minecraft.src.EntityPainting	onValidSurface	func_410_i
net.minecraft.src.EntityPlayer	currentCraftingInventory	craftingInventory
net.minecraft.src.EntityPlayer	field_20046_az	field_20065_s
net.minecraft.src.EntityPlayer	field_20047_ay	field_20066_r
net.minecraft.src.EntityPlayer	field_20048_aD	field_20061_w
net.minecraft.src.EntityPlayer	field_20049_aC	field_20062_v
net.minecraft.src.EntityPlayer	field_20050_aB	field_20063_u
net.minecraft.src.EntityPlayer	field_20051_aA	field_20064_t
net.minecraft.src.EntityPlayer	func_22061_a	addChatMessage
net.minecraft.src.EntityPlayer	goToSleep	sleepInBedAt
net.minecraft.src.EntityPlayer	isPVPEnabled	func_27025_G
net.minecraft.src.EntityPlayer	personalCraftingInventory	inventorySlots
net.minecraft.src.EntityPlayer	playerLocation	bedChunkCoordinates
net.minecraft.src.EntityPlayer	setSpawnChunk	setPlayerSpawnCoordinate
net.minecraft.src.EntityPlayer	spawnChunk	playerSpawnCoordinate
net.minecraft.src.EntityPlayer	usePersonalCraftingInventory	closeScreen
net.minecraft.src.EntitySlime	ticksTillJump	slimeJumpDelay
net.minecraft.src.EntitySnowball	owner	thrower
net.minecraft.src.EntitySnowball	ticksInAir	ticksInAirSnowball
net.minecraft.src.EntitySnowball	ticksOnGround	ticksInGroundSnowball
net.minecraft.src.EntityWolf	field_25038_b	field_25048_b
net.minecraft.src.EntityWolf	field_25039_a	looksWithInterest
net.minecraft.src.EntityWolf	field_25040_i	prevTimeWolfIsShaking
net.minecraft.src.EntityWolf	field_25041_h	timeWolfIsShaking
net.minecraft.src.EntityWolf	field_25042_g	field_25052_g
net.minecraft.src.EntityWolf	field_25044_c	field_25054_c
net.minecraft.src.EntityWolf	getIsAngry	isWolfAngry
net.minecraft.src.EntityWolf	getIsSitting	isWolfSitting
net.minecraft.src.EntityWolf	getOwner	getWolfOwner
net.minecraft.src.EntityWolf	isNowTamed	showHeartsOrSmokeFX
net.minecraft.src.EntityWolf	isWet	isWolfShaking
net.minecraft.src.EntityWolf	setIsAngry	setWolfAngry
net.minecraft.src.EntityWolf	setIsSitting	setWolfSitting
net.minecraft.src.EntityWolf	setIsTamed	setWolfTamed
net.minecraft.src.EntityWolf	setOwner	setWolfOwner
net.minecraft.src.EntityWolf	setPathEntity	getPathOrWalkableBlock
net.minecraft.src.Explosion	doEffects	doExplosionB
net.minecraft.src.Explosion	doExplosion	doExplosionA
net.minecraft.src.IChunkLoader	func_661_a	func_814_a
net.minecraft.src.IChunkProvider	loadChunk	prepareChunk
net.minecraft.src.ISaveHandler	func_22091_b	func_22150_b
net.minecraft.src.ISaveHandler	func_22092_a	getChunkLoader
net.minecraft.src.ISaveHandler	func_22095_a	saveWorldInfoAndPlayer
net.minecraft.src.IWorldAccess	markBlockNeedsUpdate	markBlockAndNeighborsNeedsUpdate
net.minecraft.src.RailLogic	minecartTrack	rail
net.minecraft.src.Slot	id	slotNumber
net.minecraft.src.TileEntity	invalidate	func_31005_i
net.minecraft.src.TileEntity	isInvalid	func_31006_g
net.minecraft.src.TileEntity	validate	func_31004_j
net.minecraft.src.TileEntityPiston	clearPistonTileEntity	func_31011_l
net.minecraft.src.TileEntityPiston	field_31018_j	field_31023_j
net.minecraft.src.TileEntityPiston	func_31007_a	func_31008_a
net.minecraft.src.TileEntityPiston	func_31008_d	func_31009_d
net.minecraft.src.TileEntityPiston	func_31009_a	func_31010_a
net.minecraft.src.TileEntityPiston	func_31010_c	func_31015_b
net.minecraft.src.TileEntityPiston	isExtending	field_31024_i
net.minecraft.src.TileEntityPiston	lastProgress	field_31020_l
net.minecraft.src.TileEntityPiston	progress	field_31022_k
net.minecraft.src.TileEntityPiston	storedOrientation	field_31025_c
net.minecraft.src.TileEntitySign	isEditAble	field_25062_c
net.minecraft.src.World	addLoadedEntities	func_636_a
net.minecraft.src.World	addUnloadedEntities	func_632_b
net.minecraft.src.World	canMineBlock	func_6466_a
net.minecraft.src.World	clearWeather	stopPrecipitation
net.minecraft.src.World	doRandomUpdateTicks	updateBlocksAndPlayCaveSounds
net.minecraft.src.World	field_20912_E	field_30900_E
net.minecraft.src.World	field_31048_L	field_31055_L
net.minecraft.src.World	findTopSolidBlock	findTopSolidBlockOnly
net.minecraft.src.World	func_31047_a	func_31054_a
net.minecraft.src.World	getBlockLightValueNoChecks	getFullBlockLightValue
net.minecraft.src.World	getTopSolidOrLiquidBlock	findTopSolidBlock
net.minecraft.src.World	lightningEntities	weatherEffects
net.minecraft.src.World	scheduleUpdateTick	scheduleBlockUpdate
net.minecraft.src.World	sendTrackedEntityStatusUpdatePacket	func_9425_a
net.minecraft.src.World	updateTileEntityChunkAndDoNothing	func_698_b
net.minecraft.src.World	worldFile	saveHandler
net.minecraft.src.WorldGenBigTree	field_748_m	field_870_m
net.minecraft.src.WorldGenBigTree	field_756_e	field_878_e
net.minecraft.src.WorldGenBigTree	func_421_b	func_518_b
net.minecraft.src.WorldGenBigTree	func_422_e	func_519_e
net.minecraft.src.WorldGenBigTree	func_424_a	func_521_a
net.minecraft.src.WorldGenBigTree	func_428_d	func_525_d
net.minecraft.src.WorldGenBigTree	func_432_c	func_529_c
net.minecraft.src.WorldGenBigTree	random0	field_881_b
net.minecraft.src.WorldGenerator	func_420_a	func_517_a
